Byte0,Byte1,Byte2,Byte3,Byte4,Byte5,Byte6,Byte7,Byte8
1,40,56,53,65,41,69,69,66
1,94,41,66,48,13,10,10,53
6,42,41,68,57,13,10,69,66
7,40,105,77,82,50,41,56,53
3,66,13,10,57,13,10,69,66
1,40,105,77,82,50,41,56,53
5,94,42,41,68,57,10,69,66
2,13,10,77,82,50,41,56,53
1,40,42,41,68,57,10,69,66
5,105,77,82,50,41,41,56,53
4,56,66,13,10,57,10,69,66
1,40,77,82,50,41,41,56,53
4,122,49,84,48,57,10,69,66
8,56,50,54,57,51,57,53,41
4,70,65,13,10,57,10,69,66
1,40,50,54,57,51,57,53,41
1,118,65,13,10,57,10,69,66
7,50,46,53,51,41,56,70,41
2,13,10,13,10,57,10,69,66
1,40,46,53,51,41,56,70,41
2,94,42,13,10,57,10,69,66
5,41,68,57,13,10,56,70,41
1,40,42,13,10,57,10,69,66
1,105,68,57,13,10,56,70,41
7,77,82,50,41,56,66,13,66
1,10,68,57,13,10,56,70,41
1,40,82,50,41,56,66,13,66
1,122,68,57,13,10,56,70,41
7,49,84,48,56,50,54,57,66
8,51,57,53,41,70,65,13,10
1,40,84,48,56,50,54,57,66
4,118,50,46,53,70,65,13,10
6,51,41,56,70,13,10,57,66
1,40,50,46,53,70,65,13,10
2,115,104,56,70,13,10,57,66
8,48,49,57,48,55,54,50,53
5,41,67,65,13,10,10,57,66
1,40,49,57,48,55,54,50,53
7,112,42,41,69,66,13,10,66
1,40,49,57,48,55,54,50,53
6,113,42,41,69,67,13,10,66
1,10,49,57,48,55,54,50,53
1,40,42,41,69,67,13,10,66
1,95,49,57,48,55,54,50,53
5,41,66,48,13,10,13,10,66
1,40,49,57,48,55,54,50,53
4,94,42,41,68,10,13,10,66
6,57,13,10,40,105,77,50,53
7,82,50,41,56,66,13,10,66
1,40,13,10,40,105,77,50,53
3,105,77,82,56,66,13,10,66
6,50,41,56,66,13,10,50,53
1,40,77,82,56,66,13,10,66
5,122,49,84,48,56,10,50,53
8,50,54,57,51,57,53,41,70
3,65,13,10,48,56,10,50,53
1,40,54,57,51,57,53,41,70
7,118,50,46,53,51,41,56,53
3,70,13,10,51,57,53,41,70
1,40,50,46,53,51,41,56,53
7,122,103,53,67,51,51,53,70
7,53,68,69,48,54,57,48,53
6,49,41,48,51,13,10,53,70
2,40,122,69,48,54,57,48,53
7,103,53,67,51,51,53,51,70
8,66,70,48,57,66,48,50,41
5,48,68,13,10,40,53,51,70
7,122,103,53,67,51,51,53,41
8,50,48,65,48,57,69,48,49
5,41,70,55,13,10,51,53,41
2,40,122,65,48,57,69,48,49
8,103,53,67,50,68,49,51,70
8,52,48,55,66,48,50,41,48
3,57,13,10,50,68,49,51,70
4,40,122,103,53,48,50,41,48
8,67,50,68,49,48,55,48,48
7,55,49,48,50,41,69,50,48
2,13,10,68,49,48,55,48,48
1,40,49,48,50,41,69,50,48
8,122,103,53,67,50,54,68,55
7,52,49,48,54,65,48,49,48
5,41,70,65,13,10,54,68,55
3,40,122,103,54,65,48,49,48
7,53,67,50,54,68,53,52,55
8,69,48,56,55,48,49,41,48
3,52,13,10,54,68,53,52,55
4,40,122,103,53,48,49,41,48
8,67,50,48,57,53,70,49,48
8,56,54,48,49,41,70,48,13
1,10,50,48,57,53,70,49,48
6,40,122,103,53,67,49,48,13
8,65,53,55,48,67,48,55,57
7,48,49,41,70,67,13,10,13
5,40,122,103,53,67,48,55,57
8,49,52,49,49,51,65,48,67
7,51,48,50,41,69,68,13,57
1,10,52,49,49,51,65,48,67
7,40,122,103,53,67,48,68,57
7,68,57,51,54,48,66,52,67
7,48,50,41,48,67,13,10,57
1,40,57,51,54,48,66,52,67
7,122,103,53,67,48,68,68,57
8,55,55,70,48,66,68,48,50
5,41,50,69,13,10,68,68,57
2,40,122,70,48,66,68,48,50
8,103,53,67,48,68,68,55,48
8,56,48,55,52,48,49,41,70
3,68,13,10,48,68,68,55,48
4,40,122,103,53,48,49,41,70
8,67,48,68,68,53,57,48,48
7,57,67,48,49,41,48,68,70
2,13,10,68,68,53,57,48,48
6,40,122,103,53,67,48,68,70
8,68,68,48,51,51,48,56,49
7,48,50,41,70,51,13,10,70
1,40,68,48,51,51,48,56,49
7,122,103,53,67,48,55,57,70
7,55,69,65,48,57,65,48,49
6,50,41,49,51,13,10,57,70
2,40,122,65,48,57,65,48,49
7,103,53,67,48,55,57,48,70
8,67,65,48,57,67,48,50,41
4,48,67,13,10,55,57,48,70
3,40,122,103,57,67,48,50,41
8,53,66,66,67,68,55,54,68
8,48,56,55,48,50,41,50,52
2,13,10,66,67,68,55,54,68
5,40,122,103,53,66,41,50,52
8,66,67,68,54,55,51,48,55
7,53,48,49,41,48,70,13,52
1,10,67,68,54,55,51,48,55
7,40,122,103,53,66,66,67,52
7,68,48,51,56,48,56,54,55
7,48,53,41,49,48,13,10,52
1,40,48,51,56,48,56,54,55
7,122,103,53,66,66,48,53,52
8,57,50,49,48,55,53,48,49
5,41,69,57,13,10,48,53,52
3,40,122,103,48,55,53,48,49
7,53,66,66,48,53,53,57,52
8,57,48,57,49,48,50,41,70
3,51,13,10,48,53,53,57,52
4,40,122,103,53,48,50,41,70
8,66,66,48,53,52,68,49,48
8,56,66,48,49,41,48,52,13
1,10,66,48,53,52,68,49,48
6,40,122,103,53,66,66,52,13
8,48,53,48,55,53,48,57,69
7,48,50,41,70,67,13,10,13
1,40,53,48,55,53,48,57,69
7,122,103,53,66,65,65,49,13
7,56,48,50,48,54,70,48,69
6,49,41,48,51,13,10,49,13
2,40,122,50,48,54,70,48,69
7,103,53,66,65,65,49,55,13
8,51,50,48,55,53,48,49,41
4,70,53,13,10,65,49,55,13
3,40,122,103,55,53,48,49,41
8,53,66,65,65,49,53,57,48
8,48,55,70,48,49,41,48,56
2,13,10,65,65,49,53,57,48
5,40,122,103,53,66,41,48,56
8,65,65,49,48,57,69,48,65
7,66,48,50,41,49,70,13,56
1,10,65,49,48,57,69,48,65
7,40,122,103,53,66,65,51,56
8,68,57,48,50,48,65,65,48
6,50,41,49,48,13,10,51,56
1,40,57,48,50,48,65,65,48
8,122,103,53,66,65,51,68,54
7,54,69,48,55,50,48,49,48
5,41,48,67,13,10,51,68,54
3,40,122,103,55,50,48,49,48
7,53,66,65,51,68,52,69,54
8,52,48,65,48,48,50,41,49
3,49,13,10,51,68,52,69,54
4,40,122,103,53,48,50,41,49
8,66,65,51,68,51,65,57,48
8,56,49,48,49,41,48,56,13
1,10,65,51,68,51,65,57,48
1,40,49,48,49,41,48,56,13
8,122,103,53,66,57,68,57,55
8,70,57,48,55,67,48,50,41
4,50,49,13,10,57,68,57,55
3,40,122,103,55,67,48,50,41
8,53,66,57,68,57,55,56,66
7,48,54,66,48,50,41,49,41
3,65,13,10,68,57,55,56,66
5,40,122,103,53,66,41,49,41
7,57,68,57,55,50,66,48,66
8,54,67,48,50,41,49,53,13
1,10,68,57,55,50,66,48,66
6,40,122,103,53,66,57,53,13
8,68,57,54,68,54,48,54,66
7,48,50,41,49,57,13,10,13
5,40,122,103,53,66,48,54,66
8,57,68,57,54,65,69,48,54
8,49,48,50,41,49,52,13,10
1,40,68,57,54,65,69,48,54
6,122,103,53,66,57,68,13,10
8,57,53,55,68,48,56,67,48
6,49,41,49,66,13,10,13,10
1,40,53,55,68,48,56,67,48
8,122,103,53,66,57,68,57,48
7,49,49,48,55,53,48,50,48
5,41,69,70,13,10,68,57,48
3,40,122,103,55,53,48,50,48
7,53,66,57,55,53,54,65,48
8,66,48,54,49,48,49,41,70
3,70,13,10,55,53,54,65,48
4,40,122,103,53,48,49,41,70
8,66,57,55,53,52,53,55,48
8,56,56,48,49,41,69,70,13
1,10,57,55,53,52,53,55,48
6,40,122,103,53,66,57,70,13
8,49,49,56,65,49,48,54,69
7,48,50,41,70,66,13,10,13
1,40,49,56,65,49,48,54,69
7,122,103,53,66,57,49,49,13
8,55,51,56,48,55,56,48,49
5,41,69,54,13,10,49,49,13
2,40,122,56,48,55,56,48,49
8,103,53,66,56,65,68,56,65
7,68,48,67,48,48,50,41,49
4,50,56,13,10,65,68,56,65
4,40,122,103,53,48,50,41,49
7,66,56,65,68,53,51,68,65
8,48,57,69,48,50,41,50,50
2,13,10,65,68,53,51,68,65
5,40,122,103,53,66,41,50,50
8,56,65,68,51,65,57,48,57
8,57,48,49,41,49,54,13,10
1,40,65,68,51,65,57,48,57
6,122,103,53,66,56,52,13,10
8,57,56,48,51,48,56,56,48
6,49,41,69,65,13,10,13,10
1,40,56,48,51,48,56,56,48
8,122,103,53,66,56,52,57,55
7,50,55,48,57,66,48,49,48
5,41,70,65,13,10,52,57,55
3,40,122,103,57,66,48,49,48
7,53,66,56,52,57,49,50,55
8,68,48,56,52,48,50,41,70
3,51,13,10,52,57,49,50,55
4,40,122,103,53,48,50,41,70
8,66,55,69,53,57,48,57,48
8,56,54,48,49,41,70,66,13
1,10,55,69,53,57,48,57,48
6,40,122,103,53,66,55,66,13
8,69,53,55,51,50,48,65,49
7,48,50,41,70,65,13,10,13
1,40,53,55,51,50,48,65,49
7,122,103,53,66,55,69,53,13
8,54,55,54,48,54,70,48,49
5,41,48,65,13,10,69,53,13
2,40,122,54,48,54,70,48,49
8,103,53,66,55,69,53,52,68
7,53,48,56,55,48,49,41,49
4,48,55,13,10,69,53,52,68
4,40,122,103,53,48,49,41,49
7,66,55,69,53,48,48,53,68
8,48,55,65,48,50,41,70,57
2,13,10,69,53,48,48,53,68
5,40,122,103,53,66,41,70,57
8,55,56,49,56,66,53,48,54
8,68,48,49,41,48,51,13,10
1,40,56,49,56,66,53,48,54
6,122,103,53,66,55,56,13,10
8,49,55,57,55,48,67,53,48
6,50,41,70,65,13,10,13,10
1,40,55,57,55,48,67,53,48
8,122,103,53,66,55,56,49,54
7,67,57,48,55,48,48,49,48
5,41,70,51,13,10,56,49,54
3,40,122,103,55,48,48,49,48
8,53,66,55,49,68,55,56,69
7,48,56,57,48,50,41,48,48
3,67,13,10,49,68,55,56,69
5,40,122,103,53,66,41,48,48
7,55,49,68,52,55,53,48,69
8,57,52,48,49,41,70,51,13
1,10,49,68,52,55,53,48,69
1,40,52,48,49,41,70,51,13
8,122,103,53,66,54,66,57,54
8,68,51,48,57,51,48,50,41
4,48,53,13,10,54,66,57,54
3,40,122,103,57,51,48,50,41
8,53,66,54,66,57,52,53,69
8,48,65,56,48,49,41,49,50
2,13,10,54,66,57,52,53,69
5,40,122,103,53,66,41,49,50
8,54,53,53,56,67,54,48,67
7,51,48,50,41,48,50,13,50
1,10,53,53,56,67,54,48,67
7,40,122,103,53,66,54,53,50
7,53,55,55,70,48,56,49,67
7,48,49,41,70,55,13,10,50
5,40,122,103,53,66,56,49,67
8,54,53,53,52,54,53,48,57
8,70,48,49,41,70,56,13,10
1,40,53,53,52,54,53,48,57
6,122,103,53,66,53,70,13,10
8,49,57,51,49,48,57,69,48
6,53,41,48,53,13,10,13,10
1,40,57,51,49,48,57,69,48
8,122,103,53,66,53,70,49,54
8,52,69,48,68,65,48,50,41
4,49,66,13,10,53,70,49,54
3,40,122,103,68,65,48,50,41
8,53,66,53,70,49,53,65,53
7,48,65,57,48,49,41,48,41
3,66,13,10,70,49,53,65,53
5,40,122,103,53,66,41,48,41
7,53,70,49,52,68,67,48,53
8,56,67,48,49,41,49,67,13
1,10,70,49,52,68,67,48,53
6,40,122,103,53,66,53,67,13
8,56,68,55,51,57,48,55,55
7,48,49,41,70,67,13,10,13
1,40,68,55,51,57,48,55,55
7,122,103,53,66,53,56,68,13
8,53,50,49,48,56,57,48,49
5,41,70,52,13,10,56,68,13
2,40,122,49,48,56,57,48,49
8,103,53,66,53,56,68,48,51
7,57,48,56,57,48,50,41,49
4,70,57,13,10,56,68,48,51
4,40,122,103,53,48,50,41,49
8,66,53,50,57,55,70,68,48
7,65,55,48,49,41,49,51,49
2,13,10,50,57,55,70,68,48
6,40,122,103,53,66,53,51,49
7,50,57,52,67,70,48,57,48
8,56,48,49,41,48,56,13,10
1,40,57,52,67,70,48,57,48
6,122,103,53,66,52,67,13,10
8,53,57,49,67,48,65,49,48
6,50,41,48,54,13,10,13,10
1,40,57,49,67,48,65,49,48
8,122,103,53,66,52,67,53,56
8,48,54,48,57,54,48,49,41
4,70,51,13,10,52,67,53,56
3,40,122,103,57,54,48,49,41
8,53,66,52,67,53,54,67,56
7,48,65,68,48,50,41,49,41
3,68,13,10,67,53,54,67,56
5,40,122,103,53,66,41,49,41
7,52,67,53,54,52,54,48,56
8,57,57,48,49,41,70,56,13
1,10,67,53,54,52,54,48,56
6,40,122,103,53,66,52,56,13
8,67,53,52,53,54,48,56,66
7,48,49,41,70,70,13,10,13
1,40,53,52,53,54,48,56,66
7,122,103,53,66,52,54,49,13
8,56,53,67,48,57,54,48,50
5,41,70,53,13,10,54,49,13
2,40,122,67,48,57,54,48,50
8,103,53,66,52,54,49,55,56
8,53,48,67,51,48,49,41,69
3,70,13,10,52,54,49,55,56
4,40,122,103,53,48,49,41,69
8,66,52,54,49,54,67,54,48
7,66,49,48,50,41,70,56,69
2,13,10,54,49,54,67,54,48
6,40,122,103,53,66,52,56,69
7,54,49,54,53,70,48,54,48
8,67,48,50,41,48,48,13,10
1,40,49,54,53,70,48,54,48
6,122,103,53,66,52,54,13,10
8,49,54,52,69,48,57,48,48
6,49,41,69,68,13,10,13,10
1,40,54,52,69,48,57,48,48
8,122,103,53,66,52,54,49,53
8,56,51,48,56,54,48,49,41
4,69,51,13,10,52,54,49,53
3,40,122,103,56,54,48,49,41
8,53,66,52,54,49,52,55,52
7,48,66,68,48,50,41,70,41
3,66,13,10,54,49,52,55,52
5,40,122,103,53,66,41,70,41
8,51,70,68,57,48,55,48,57
7,49,48,50,41,48,50,13,41
1,10,70,68,57,48,55,48,57
2,40,122,50,41,48,50,13,41
7,103,53,66,51,70,68,55,57
8,68,68,48,65,49,48,50,41
4,50,57,13,10,70,68,55,57
3,40,122,103,65,49,48,50,41
8,53,66,51,70,68,55,57,68
8,48,57,53,48,49,41,49,57
2,13,10,51,70,68,55,57,68
5,40,122,103,53,66,41,49,57
8,51,70,68,54,52,68,48,57
8,56,48,49,41,49,54,13,10
1,40,70,68,54,52,68,48,57
6,122,103,53,66,51,70,13,10
8,68,51,66,68,48,66,65,48
6,49,41,51,51,13,10,13,10
6,40,122,103,53,66,51,65,48
7,57,57,56,54,68,48,57,10
8,65,48,50,41,48,67,13,10
1,40,57,56,54,68,48,57,10
6,122,103,53,66,51,57,13,10
8,57,55,52,50,48,65,51,48
6,49,41,70,48,13,10,13,10
2,40,122,52,50,48,65,51,48
7,103,53,66,51,57,57,53,10
8,49,69,48,55,52,48,49,41
4,70,53,13,10,57,57,53,10
3,40,122,103,55,52,48,49,41
8,53,66,51,51,53,57,49,70
8,48,66,49,48,50,41,70,57
2,13,10,51,51,53,57,49,70
5,40,122,103,53,66,41,70,57
8,51,51,53,55,69,69,48,66
7,48,48,49,41,48,56,13,57
1,10,51,53,55,69,69,48,66
1,40,48,49,41,48,56,13,57
4,120,49,70,56,69,69,48,66
7,53,65,41,69,69,13,10,57
1,40,49,70,56,69,69,48,66
5,95,41,66,48,13,13,10,57
1,10,49,70,56,69,69,48,66
